SampleID,Predictions
pair1,0.04777660959995678
pair2,0.04803898190155123
pair3,-0.06331820142541661
pair4,-0.5202809712440547
